{
    "train_losses": [
        0.0236893714863365,
        0.005453776556335516,
        0.004325232918421596,
        0.003372890432759867,
        0.0031161701673704943,
        0.0028368245841840565,
        0.002472675995411888,
        0.0022767224858151907,
        0.002089501021161549,
        0.0019388428368305756,
        0.0019272969033316536,
        0.0018919783533882287,
        0.001744355438119274,
        0.0017179567929183654,
        0.0015789050711476702,
        0.0015334847720608242,
        0.0015744010126612828,
        0.0015118661172830073,
        0.001431215934305436,
        0.0014964462873541702,
        0.00138641931550672,
        0.0014084802163070289,
        0.001328795578062408,
        0.001444870870465697,
        0.001372947651592983
    ],
    "val_losses": [
        0.008016009221766861,
        0.0013788552426446516,
        0.0004912296454466952,
        0.0002756482435170955,
        0.00046641687031996506,
        0.0005438406537555588,
        0.00035062649280567153,
        0.0002520334422185372,
        0.00029090621291498584,
        0.00018709799993442945,
        0.00043011545956407924,
        0.00030123184898492094,
        0.00042885057644945424,
        0.0002601705604879848,
        0.00026647341068243037,
        0.0003392775973994643,
        0.0002374831929046195,
        0.0002068628421581637,
        0.00026539063317334064,
        0.00020387216745103404,
        0.0003375585172482086,
        0.00023561733989761426,
        0.00019322050166710353,
        0.00020940626144203215,
        0.0002718362850898232
    ],
    "best_val_loss": 0.00018709799993442945
}