{
    "train_losses": [
        0.009148023837103935,
        0.003086944712499567,
        0.0023448521811988646,
        0.002036731698060945,
        0.0017952980420362773,
        0.0017054417048249456,
        0.0015667570040608615,
        0.001557961524606256,
        0.001487151206613092,
        0.0014115161128279011,
        0.00148822503338047,
        0.0013790258484639986,
        0.0014262626646086574,
        0.0014183441496659387,
        0.001396040443007408,
        0.0013398052029453722,
        0.0013949292696128458,
        0.0014196301127736598,
        0.001395780606968802,
        0.0013049650578207132,
        0.0013058734298052297,
        0.001356070142010448,
        0.001267729202774748,
        0.0013304340497243329,
        0.001329114829324249,
        0.0013038022838280363,
        0.0013368058973386632,
        0.0012976486360164897,
        0.001377694557373554,
        0.0012275205197017957,
        0.0012630668825911896,
        0.0012691490721131154,
        0.0013398034241587176
    ],
    "val_losses": [
        0.00398932786293489,
        0.0019849028696906036,
        0.0009961643227143213,
        0.0007961739681307406,
        0.0008877770174317098,
        0.0008651868966598369,
        0.0006385603810485918,
        0.0006665980987376175,
        0.0007339127057023759,
        0.0007436901746237149,
        0.0007272510883922223,
        0.0007204404990681304,
        0.0007179882646036836,
        0.00040286027587381587,
        0.0005730737743411177,
        0.00053157844740781,
        0.0005293346708080767,
        0.0002998605146925771,
        0.0004605413915459604,
        0.00041402210654968466,
        0.0003376782129075414,
        0.0005531464466912439,
        0.0003720930944837164,
        0.00037296767788155615,
        0.0004951982728716058,
        0.00041453669193567923,
        0.000521303410026191,
        0.0004119674907157717,
        0.00034437414559271507,
        0.00035669852471843257,
        0.0004731739877920168,
        0.00044137821245945257,
        0.00040186638468115305
    ],
    "best_val_loss": 0.0002998605146925771
}